{"eval/regularization_loss": 0.01255238801240921, "eval/label_top_1_accuracy": 0.8228999972343445, "eval/label_top_5_accuracy": 0.9945999979972839, "global_step": 9800.0}