{"eval/regularization_loss": 0.010664858855307102, "eval/label_top_1_accuracy": 0.9142000079154968, "eval/label_top_5_accuracy": 0.9975000023841858, "global_step": 97706.0}